Dates,MSCI World Net Total Return Lo,Bloomberg Commodity Index,S&P GSCI Energy Official Close,S&P GSCI Industrial Metals Off,S&P GSCI Precious Metals Offic,S&P GSCI Agriculture Official,S&P GSCI Gold Official Close I,BE 10 Year
31/07/1992,-0.064924788,-0.016326591,-0.059393035,0.079405007,-0.052071143,-0.095174231,-0.058531889,0.04498
31/08/1992,-0.055169727,-0.026623295,-0.098150473,0.072192639,-0.046585983,-0.108344585,-0.054848337,0.0458
30/09/1992,-0.059391743,-0.02292455,-0.084184919,0.05567267,-0.055117615,-0.104401918,-0.05540212,0.04776
30/10/1992,-0.065103218,-0.058338096,-0.170094642,-0.028065305,-0.084961532,-0.116359871,-0.086172307,0.04628
30/11/1992,0.019023821,-0.04095852,-0.149014278,-0.013029773,-0.112264406,-0.063869658,-0.123415518,0.04821
31/12/1992,-0.013189607,0.001277879,-0.024661988,0.023309552,-0.075860323,-0.116611922,-0.090727629,0.04489
29/01/1993,-0.004920606,-0.019275387,-0.020526916,-0.047062251,-0.09535963,-0.12628479,-0.104378998,0.04563
26/02/1993,0.018666951,-0.006585459,0.004739961,-0.117873095,-0.094516191,-0.10314145,-0.096630216,0.04616
31/03/1993,0.102097584,0.008619808,-0.016665985,-0.145233831,-0.04236068,-0.04572331,-0.043007079,0.0458
30/04/1993,0.117066738,0.010402772,-0.077644594,-0.192769185,0.044583679,-0.027315789,0.030141182,0.04731
31/05/1993,0.111783645,-0.039807579,-0.153581403,-0.22057519,0.094702367,-0.081736097,0.095002545,0.04646
30/06/1993,0.170730202,-0.046367714,-0.1779725,-0.201270749,0.068880353,-0.088721937,0.072811294,0.04205
30/07/1993,0.204625406,-0.026262238,-0.22397806,-0.22805355,0.128545349,0.033959483,0.108691707,0.0401
31/08/1993,0.247728483,-0.032597904,-0.204166186,-0.256259626,0.080665797,0.039747034,0.059948828,0.03589
30/09/1993,0.222688983,-0.068954502,-0.202464041,-0.276227333,-4.83919E-05,0.046628455,-0.004349639,0.03702
29/10/1993,0.259579005,-0.052570715,-0.254040448,-0.228017295,0.06432684,0.070841842,0.058681194,0.03727
30/11/1993,0.155848635,-0.05479984,-0.294900202,-0.228708716,0.07577658,0.074902386,0.078431706,0.036
31/12/1993,0.209450643,-0.040396622,-0.357088418,-0.185882666,0.159823716,0.159829468,0.144614975,0.03345
31/01/1994,0.271491543,-0.003113419,-0.2670253,-0.109500378,0.138134086,0.137940427,0.126398457,0.03416
28/02/1994,0.213712691,-0.023093364,-0.302511415,-0.062824727,0.157243848,0.138658419,0.128628335,0.03775
31/03/1994,0.107703031,-0.043932272,-0.30164953,-0.042183189,0.159871199,0.062425074,0.126063699,0.0415
29/04/1994,0.103628012,-0.033170962,-0.254313068,0.022307935,0.038855501,0.07783804,0.02487413,0.04349
31/05/1994,0.098170653,0.035862188,-0.200278938,0.134671932,0.008836216,0.172922245,-0.008925293,0.04713
30/06/1994,0.068586543,0.067976365,-0.098329954,0.132952061,0.007489873,0.16254972,-0.012929316,0.04627
29/07/1994,0.066216914,0.063200126,-0.026856637,0.154324733,-0.075780771,0.102300762,-0.090558697,0.04471
31/08/1994,0.053180519,0.05156799,-0.178269085,0.247399194,0.015687985,0.159040546,-0.000289459,0.04668
30/09/1994,0.035725515,0.076875145,-0.197361686,0.37058045,0.103233339,0.148656663,0.070083149,0.04861
31/10/1994,0.010883235,0.097150724,-0.114432871,0.54027043,0.027479157,0.096167944,0.000868699,0.04735
30/11/1994,0.037438756,0.104765109,-0.066251152,0.656572922,0.006662057,0.049061891,-0.01059338,0.04524
30/12/1994,-0.008210033,0.117323624,0.029324494,0.581399355,-0.053636822,0.036852568,-0.061329543,0.04737
31/01/1995,-0.081055334,0.068570404,-0.148117933,0.544225603,-0.057789651,0.004603276,-0.062168144,0.04566
28/02/1995,-0.051076592,0.07330739,-0.088028732,0.307845945,-0.066012836,0.03479634,-0.057977879,0.0464
31/03/1995,0.002224203,0.095338183,-0.052404891,0.37245517,-0.05412868,0.048691521,-0.04926775,0.04548
28/04/1995,0.008120006,0.09245179,-0.069657189,0.319173095,-0.011443811,0.060998935,-0.022340911,0.04539
31/05/1995,0.013176304,0.028086573,-0.129230877,0.238984832,-0.051855928,0.047270969,-0.056085329,0.04294
30/06/1995,0.037957077,-0.011315223,-0.24047938,0.197116139,-0.051765732,0.124304454,-0.054410662,0.04616
31/07/1995,0.070821816,-0.006871885,-0.235091165,0.217686377,-0.058827343,0.162950217,-0.052800991,0.0452
31/08/1995,0.057959963,0.036961948,-0.086625264,0.144008437,-0.057261764,0.149706647,-0.060321427,0.04486
29/09/1995,0.122552337,0.044779666,-0.092254791,0.114956743,-0.073194483,0.176552734,-0.077347748,0.04402
31/10/1995,0.0962834,0.044726322,-0.079402453,-0.026683012,-0.051183975,0.221991008,-0.052328664,0.04185
30/11/1995,0.171975554,0.063266089,0.024275563,-0.089782689,-0.028191803,0.213722989,-0.03578307,0.03963
29/12/1995,0.194216211,0.089277287,0.212238652,-0.116999736,-0.036196559,0.200672026,-0.036772406,0.03857
31/01/1996,0.265198645,0.103878818,0.251551995,-0.179295157,0.04115441,0.288960982,0.037062693,0.03913
29/02/1996,0.256771372,0.129555567,0.300340846,-0.05619343,0.024868414,0.262654113,0.01691454,0.04197
29/03/1996,0.277106802,0.155820641,0.394616518,-0.069441621,-0.036483289,0.297906782,-0.030756946,0.04369
30/04/1996,0.273532556,0.188706929,0.402663481,-0.051244606,-0.046475189,0.412092279,-0.028385722,0.04289
31/05/1996,0.260906747,0.192576764,0.417606932,-0.08243787,-0.030637775,0.356725852,-0.0222882,0.04191
28/06/1996,0.273797425,0.203304943,0.703056019,-0.184717169,-0.058002667,0.240593737,-0.049113186,0.04002
31/07/1996,0.150263711,0.163578677,0.540767279,-0.201140125,-0.02817527,0.142366517,-0.024626465,0.04064
30/08/1996,0.148928379,0.200112161,0.531168466,-0.16672602,-0.037318289,0.162611459,-0.025328993,0.04159
30/09/1996,0.179789418,0.194714817,0.709100847,-0.219624182,-0.068418038,0.052474634,-0.051250227,0.04065
31/10/1996,0.197527365,0.168612337,0.744499707,-0.16580394,-0.063094802,-0.067967303,-0.049329623,0.04033
29/11/1996,0.215633383,0.215352425,0.846626881,-0.11616065,-0.080521675,-0.032845743,-0.070414268,0.03888
31/12/1996,0.166177822,0.169871945,0.581979417,-0.133876473,-0.088607216,-0.069851272,-0.083614172,0.03987
31/01/1997,0.167820938,0.169339378,0.542541945,-0.049610985,-0.182571667,-0.093898885,-0.184246466,0.03896
28/02/1997,0.18842334,0.156954673,0.215430126,-0.002328634,-0.116162473,-0.028824006,-0.1235512,0.03838
31/03/1997,0.143008542,0.126965925,0.105873069,-0.028406312,-0.139882159,-0.004341377,-0.143409414,0.03986
30/04/1997,0.164757239,0.082899686,0.072199428,-0.027845626,-0.160669213,-0.067356272,-0.164101615,0.03823
30/05/1997,0.208696944,0.103927319,0.124403688,0.012879415,-0.14714603,-0.089074097,-0.151578098,0.03433
30/06/1997,0.25915277,0.041921188,-0.044975265,0.101306427,-0.137055673,-0.148329365,-0.153904717,0.03337
31/07/1997,0.405944202,0.091642443,0.063072034,0.136427838,-0.175958014,-0.031629086,-0.192955443,0.03264
29/08/1997,0.293908818,0.040147142,0.085329922,0.081936654,-0.173897707,-0.053599147,-0.192203833,0.03342
30/09/1997,0.295915403,0.046391114,0.059785875,0.149193599,-0.11089081,-0.04895944,-0.145169687,0.03003
31/10/1997,0.210315043,0.065440909,0.066184924,0.066372576,-0.17362868,0.089943826,-0.205172032,0.03276
28/11/1997,0.181908895,-0.030878153,-0.187435547,-0.049366602,-0.187305817,0.042680812,-0.230771963,0.03226
31/12/1997,0.224504425,-0.082434069,-0.270672901,-0.074005879,-0.183641551,-0.005394759,-0.241451942,0.0314
30/01/1998,0.213485015,-0.084762228,-0.272466635,-0.135172717,-0.096448373,-0.000297457,-0.149736195,0.0286
27/02/1998,0.270486854,-0.133255559,-0.212504345,-0.20576382,-0.153096776,-0.10809193,-0.206121904,0.03033
31/03/1998,0.362660676,-0.148583665,-0.22379314,-0.201859838,-0.111346,-0.170016371,-0.17218564,0.02891
30/04/1998,0.306120134,-0.16617694,-0.266035903,-0.18715235,-0.068382808,-0.257090031,-0.128105536,0.02896
29/05/1998,0.24608081,-0.21862338,-0.329158187,-0.250509133,-0.140912327,-0.246152222,-0.178891117,0.02794
30/06/1998,0.218172388,-0.188947311,-0.334692744,-0.27474168,-0.105704243,-0.15811257,-0.140362756,0.02861
31/07/1998,0.145939765,-0.261738973,-0.41880832,-0.284756269,-0.110206224,-0.271788016,-0.148100954,0.02917
31/08/1998,0.057631053,-0.307907428,-0.484951636,-0.272045907,-0.153565876,-0.335999862,-0.17912294,0.02795
30/09/1998,0.004555566,-0.262073045,-0.42752309,-0.277614487,-0.127485532,-0.280351708,-0.144778157,0.02278
30/10/1998,0.146261499,-0.286271559,-0.508512102,-0.260678936,-0.079298563,-0.279536675,-0.093183518,0.02495
30/11/1998,0.191735105,-0.31019495,-0.549481576,-0.223129174,-0.052271466,-0.274358012,-0.050703597,0.02352
31/12/1998,0.206624547,-0.305231302,-0.493709722,-0.231851925,-0.054556646,-0.280011112,-0.041765413,0.02368
29/01/1999,0.211419542,-0.310356504,-0.471229713,-0.23597123,-0.100798912,-0.305041963,-0.093010677,0.02167
26/02/1999,0.122929554,-0.304133427,-0.453245567,-0.202102093,-0.084002671,-0.34322435,-0.079091914,0.02565
31/03/1999,0.114563538,-0.239339405,-0.262569687,-0.202832027,-0.125827712,-0.279000885,-0.109259212,0.02668
30/04/1999,0.160662835,-0.197606306,-0.176295164,-0.124664696,-0.11102863,-0.272530222,-0.104200992,0.02699
31/05/1999,0.131187354,-0.207457477,-0.190542063,-0.159570094,-0.104847691,-0.257747079,-0.115866328,0.02938
30/06/1999,0.158019339,-0.144592824,-0.017933838,-0.021321178,-0.136484062,-0.280605509,-0.151796182,0.03103
30/07/1999,0.133723093,-0.073331806,0.163832407,-0.034063,-0.126524055,-0.248734984,-0.141129417,0.03293
31/08/1999,0.310731346,0.046812086,0.364474871,0.043014706,-0.086959808,-0.165894662,-0.110590212,0.0289
30/09/1999,0.288043854,0.021986454,0.239410397,0.088115373,-0.02090343,-0.197817259,-0.03431645,0.03362
29/10/1999,0.265209387,0.011050002,0.28267599,0.100731398,-0.000707965,-0.246917368,-0.014263694,0.03239
30/11/1999,0.224221233,0.114340352,0.761069525,0.121050542,-0.018728691,-0.265295689,-0.040795813,0.03194
31/12/1999,0.276786834,0.185989689,0.834783265,0.246862341,-0.009233727,-0.226269819,-0.032581813,0.03455
31/01/2000,0.178993683,0.254259356,1.009423887,0.282450456,-0.013321877,-0.184065206,-0.040837825,0.03447
29/02/2000,0.211535656,0.320874825,1.390708119,0.204757016,-0.00544056,-0.130918956,-0.014369369,0.03304
31/03/2000,0.229342789,0.21600393,0.708809679,0.193533657,-0.007142731,-0.150068042,-0.038690109,0.03083
28/04/2000,0.150679674,0.153390645,0.574520569,0.05268334,-0.048952747,-0.133107844,-0.080817356,0.03128
31/05/2000,0.158170071,0.309122895,1.016154004,0.143392937,0.009323429,-0.098591687,-0.030627926,0.0298
30/06/2000,0.1262311,0.26833609,1.001985463,0.064857645,0.086142497,-0.14691141,0.061054619,0.03118
31/07/2000,0.131657495,0.182454116,0.658095065,0.065332389,0.0711988,-0.12828089,0.037745964,0.03
31/08/2000,0.182362616,0.226254203,0.876845951,0.026544186,0.077729115,-0.136787876,0.039743213,0.0306
29/09/2000,0.143979055,0.15729722,0.693679141,0.018052429,-0.081198139,-0.134969527,-0.123221697,0.02914
31/10/2000,0.081828174,0.174128115,0.854582246,-0.044883551,-0.106750071,-0.122612272,-0.158717184,0.02806
30/11/2000,-0.022420957,0.238674458,0.959121611,-0.059955553,-0.072763693,-0.078944902,-0.119350177,0.02704
29/12/2000,-0.098699233,0.242109302,0.767144714,-0.097921211,-0.069499298,-0.067997451,-0.108031465,0.0266
31/01/2001,-0.030582028,0.150385943,0.48884137,-0.078995742,-0.077448672,-0.136626092,-0.116994015,0.02634
28/02/2001,-0.11812315,0.126607127,0.300255261,-0.057833404,-0.102205857,-0.133646809,-0.141644997,0.02584
30/03/2001,-0.207387622,0.069505033,0.312782194,-0.104258676,-0.108153332,-0.241674828,-0.129160491,0.0227
30/04/2001,-0.132190533,0.122074654,0.411719132,-0.055267879,-0.066590872,-0.181398607,-0.090024836,0.02377
31/05/2001,-0.116716026,0.031584188,0.152348793,-0.056491101,-0.058719248,-0.245589592,-0.07595413,0.0246
29/06/2001,-0.156821805,-0.03047904,-0.082878398,-0.131723144,-0.104016102,-0.194762108,-0.114533359,0.02584
31/07/2001,-0.162299017,0.036013551,0.034189973,-0.174511822,-0.099958856,-0.152705708,-0.084582042,0.02408
31/08/2001,-0.245405357,-0.054959064,-0.143569226,-0.201644923,-0.083469538,-0.189021904,-0.056093265,0.02499
28/09/2001,-0.276081602,-0.110940874,-0.24049556,-0.255770696,-0.010350576,-0.237135443,0.022494146,0.02315
31/10/2001,-0.254232247,-0.129197152,-0.300009242,-0.236054178,-0.028060376,-0.233307136,0.013995945,0.02157
30/11/2001,-0.154793928,-0.184888099,-0.445811417,-0.135177076,-0.056744934,-0.223539891,-0.023894748,0.02175
31/12/2001,-0.142106167,-0.223185945,-0.425201145,-0.19394179,-0.02980362,-0.257732658,-0.010422891,0.02458
31/01/2002,-0.180193793,-0.207099471,-0.412133893,-0.19282194,-0.013387303,-0.236659512,0.030692994,0.02369
28/02/2002,-0.119120874,-0.18105843,-0.347847778,-0.160729203,0.046452767,-0.232851083,0.083233998,0.02533
29/03/2002,-0.0379242,-0.05489045,-0.180235668,-0.091776463,0.124953692,-0.1287809,0.147854912,0.02763
30/04/2002,-0.141902121,-0.085344752,-0.20249179,-0.129728884,0.112199616,-0.201052853,0.14566226,0.02687
31/05/2002,-0.145203727,-0.078574202,-0.234234363,-0.113399235,0.167386892,-0.106670782,0.202542758,0.02785
28/06/2002,-0.190770323,-0.020206615,-0.110033138,-0.061306586,0.118359055,-0.053251461,0.133912358,0.02661
31/07/2002,-0.24293716,-0.036498037,-0.11408785,-0.091804378,0.113338083,-0.021817185,0.113377723,0.02318
30/08/2002,-0.191344494,0.003483503,-0.056425929,-0.082569443,0.126861992,0.044750986,0.114880571,0.02455
30/09/2002,-0.210406811,0.117627391,0.155791047,-0.051617183,0.095964881,0.159071251,0.086266572,0.02455
31/10/2002,-0.172908851,0.161997233,0.13887767,0.056560898,0.134175277,0.186849561,0.114735658,0.02455
29/11/2002,-0.179915713,0.157084824,0.274493078,-0.032330375,0.145949391,0.121404905,0.134926643,0.02279
31/12/2002,-0.240893985,0.238588259,0.482558369,-0.022243338,0.212854336,0.095495017,0.225215771,0.02251
31/01/2003,-0.254060406,0.343510111,0.748577183,0.023065355,0.284528981,0.141344869,0.280831692,0.02318
28/02/2003,-0.258807325,0.354241365,0.92130371,0.02246429,0.15548084,0.14369668,0.157497956,0.0243
31/03/2003,-0.291095397,0.136393213,0.28409644,-0.066719565,0.082838477,0.075877515,0.089960381,0.02457
30/04/2003,-0.195604794,0.130027114,0.118701705,-0.039224829,0.077193913,0.127213237,0.078514225,0.02463
30/05/2003,-0.152256585,0.215503484,0.363580977,0.014631518,0.086416596,0.086157327,0.097871915,0.02397
30/06/2003,-0.061912201,0.163482495,0.340890538,-0.02526561,0.076043924,-0.001610964,0.084971446,0.02497
31/07/2003,0.053723033,0.177771504,0.343200977,0.143426801,0.148574811,-0.050991505,0.149510679,0.02621
29/08/2003,0.077614163,0.178567529,0.282541068,0.125053135,0.177623079,-0.034780107,0.183617409,0.02674
30/09/2003,0.192600063,0.137387423,0.134180997,0.168273376,0.168564534,-0.064785164,0.170687083,0.02706
31/10/2003,0.170732033,0.204830333,0.238433874,0.226104508,0.181608937,-0.019858139,0.191044184,0.02828
28/11/2003,0.1185224,0.198011909,0.285909722,0.194125642,0.226511207,0.004839048,0.234647324,0.02895
31/12/2003,0.249054949,0.226641252,0.232971115,0.38616459,0.183235956,0.054960593,0.178098473,0.02918
30/01/2004,0.318325743,0.159939112,0.089704604,0.329978058,0.091909213,0.080576543,0.07628443,0.02889
27/02/2004,0.364054999,0.195216028,-0.001305481,0.431655672,0.143181972,0.149633408,0.116877728,0.02906
31/03/2004,0.359122864,0.332826725,0.244211946,0.53271085,0.294757341,0.212577654,0.253326983,0.02954
30/04/2004,0.250498656,0.317611773,0.457755996,0.386142622,0.139599,0.185211539,0.125583809,0.02989
31/05/2004,0.201615983,0.266073507,0.389178286,0.375891185,0.085016604,0.083802235,0.064562697,0.03026
30/06/2004,0.201898096,0.243944526,0.291262873,0.443783106,0.129191603,0.039624735,0.118484057,0.03038
30/07/2004,0.134823471,0.257906711,0.468556542,0.343850757,0.103468234,-0.085108556,0.087856895,0.02981
31/08/2004,0.109706748,0.187411082,0.333860614,0.339392241,0.095409791,-0.104079571,0.076020222,0.02973
30/09/2004,0.141732953,0.266980871,0.681792233,0.48625546,0.091705019,-0.16899926,0.070471977,0.02949
29/10/2004,0.096284451,0.228951701,0.788091376,0.276384799,0.123959298,-0.226958664,0.097652875,0.02881
30/11/2004,0.125510461,0.216669786,0.602572475,0.320349536,0.142573738,-0.236760722,0.117386363,0.02803
31/12/2004,0.113158914,0.076410194,0.243458067,0.257818761,0.041814266,-0.212587032,0.033878931,0.0283
31/01/2005,0.083803696,0.066858887,0.385690061,0.187300049,0.032786751,-0.270952855,0.030040642,0.02819
28/02/2005,0.091458616,0.071295806,0.349486999,0.162261548,0.079010989,-0.218563009,0.079167039,0.02937
31/03/2005,0.09027623,0.074628142,0.465388105,0.193313832,-0.029348215,-0.255556057,-0.018375271,0.02911
29/04/2005,0.069469436,0.02869307,0.222845802,0.244420685,0.098702155,-0.249626527,0.097562271,0.028
31/05/2005,0.105669381,0.001931712,0.130207269,0.161285322,0.046129195,-0.195840666,0.030875735,0.02623
30/06/2005,0.100912251,0.061450939,0.290250657,0.154996078,0.090438316,-0.145099011,0.080866438,0.02625
29/07/2005,0.176291183,0.088214362,0.211273066,0.210447233,0.068986506,-0.029060963,0.068191412,0.02659
31/08/2005,0.175311749,0.189893707,0.542366929,0.267479974,0.01973327,-0.139055713,0.025138066,0.02714
30/09/2005,0.198538417,0.163690989,0.296209049,0.148278966,0.08027128,-0.044396117,0.084133687,0.02768
31/10/2005,0.161267262,0.070505576,0.060480113,0.257012623,0.04444182,-0.069416185,0.049277517,0.02807
30/11/2005,0.171229067,0.084714418,0.072808998,0.310367933,0.055893234,-0.068665062,0.057991004,0.0276
30/12/2005,0.157709165,0.175439633,0.270640757,0.320355319,0.149024351,-0.008639884,0.138009598,0.02777
31/01/2006,0.206881903,0.182861693,0.196316227,0.510039764,0.310984913,0.07610796,0.300154906,0.02843
28/02/2006,0.181289795,0.034087874,-0.023420095,0.395208669,0.238421682,-0.022871441,0.234644163,0.02873
31/03/2006,0.222492298,0.019125334,-0.053574052,0.453116901,0.324018938,-0.030422788,0.299252031,0.02902
28/04/2006,0.262480915,0.154128098,0.128028638,0.83607426,0.476872731,-0.014647738,0.432778312,0.02965
31/05/2006,0.165621344,0.172176735,0.1080602,1.016109635,0.487343203,-0.021587598,0.473801823,0.02957
30/06/2006,0.152091009,0.133112164,0.042161999,0.892333357,0.353785033,-0.013291518,0.340613243,0.02951
31/07/2006,0.116488843,0.117383085,-0.001627985,0.893945283,0.411744255,-0.056057302,0.402381359,0.03
31/08/2006,0.14409077,0.000348912,-0.25011529,0.846873408,0.410610533,-0.025547094,0.367840224,0.03055
29/09/2006,0.127709549,-0.102620722,-0.353650646,0.823816981,0.233581282,-0.040454489,0.208776866,0.02972
31/10/2006,0.185198773,0.001804025,-0.30479361,0.850791942,0.259239229,0.086356241,0.22801576,0.03016
30/11/2006,0.150020423,0.052957993,-0.213455318,0.681877646,0.272211211,0.191003239,0.234909632,0.03016
29/12/2006,0.155532781,-0.027114338,-0.302201557,0.533966909,0.182698344,0.080393172,0.159750781,0.03021
31/01/2007,0.139624213,-0.043614652,-0.346776415,0.317555075,0.100902834,0.003872756,0.07714096,0.02993
28/02/2007,0.122532691,0.05411641,-0.214650534,0.42040886,0.150448445,0.020174458,0.123695148,0.03053
30/03/2007,0.11227251,0.040973643,-0.226242462,0.401835472,0.07772369,-0.041016095,0.074209794,0.03041
30/04/2007,0.140813197,-0.014519799,-0.281342247,0.25977305,-0.021650498,-0.04918025,-0.016196967,0.03041
31/05/2007,0.233443462,-0.022388085,-0.284543279,0.145860842,-0.025673358,0.001516785,-0.031969138,0.03177
29/06/2007,0.21534965,-0.020575471,-0.263811903,0.163928612,0.004595287,0.03347676,-0.004280218,0.03307
31/07/2007,0.171732014,-0.031375785,-0.232925057,0.124399177,0.0012462,0.080627978,-0.008530437,0.03234
31/08/2007,0.141911301,-0.031076318,-0.199715092,0.047561106,-0.001260182,0.201792582,0.015040356,0.03138
28/09/2007,0.155261674,0.114364146,0.039451264,0.0803064,0.167807546,0.374386192,0.171839918,0.03235
31/10/2007,0.144713046,0.100152922,0.277378722,0.003485763,0.221508905,0.179857162,0.237296061,0.03267
30/11/2007,0.083392355,0.011601813,0.144105721,-0.075100633,0.117056987,0.13408257,0.14260243,0.03258
31/12/2007,0.046908167,0.110836851,0.356451975,-0.098158515,0.222823778,0.226389831,0.241748171,0.03193
31/01/2008,-0.057987449,0.157693044,0.361062474,0.033365177,0.317060982,0.336774184,0.336426918,0.03212
29/02/2008,-0.0631384,0.260259009,0.452150278,0.124424013,0.36857488,0.482064314,0.373629118,0.03241
31/03/2008,-0.096711806,0.172338055,0.411395339,0.018807518,0.300299969,0.414731871,0.311189787,0.03414
30/04/2008,-0.073615946,0.204009704,0.603015206,-0.072203556,0.200297627,0.397435312,0.204824879,0.0349
30/05/2008,-0.089493982,0.238670753,0.866123889,-0.121681056,0.268489663,0.283317087,0.278859662,0.03709
30/06/2008,-0.156246559,0.373449205,0.94518043,-0.042756229,0.361791101,0.452485836,0.363974972,0.0406
31/07/2008,-0.1454746,0.189374315,0.582230191,-0.105597073,0.309995619,0.266425629,0.30972501,0.03439
29/08/2008,-0.135154368,0.146907666,0.549269723,-0.101159201,0.168859058,0.157421987,0.18100156,0.0356
30/09/2008,-0.250869069,-0.058761884,0.221606597,-0.24906862,0.098095365,-0.151204722,0.132392389,0.03185
31/10/2008,-0.38664084,-0.280900438,-0.267568317,-0.444076284,-0.1556957,-0.253197179,-0.129245827,0.02256
28/11/2008,-0.398070388,-0.307445325,-0.374140217,-0.468701494,-0.029234784,-0.309713945,0.006710139,0.00872
31/12/2008,-0.386945101,-0.366124759,-0.530925268,-0.49786701,-0.010198572,-0.299413806,0.02354746,0.01596
30/01/2009,-0.378153007,-0.423097145,-0.576184088,-0.566512017,-0.054900694,-0.361061132,-0.023931394,0.02341
27/02/2009,-0.423937012,-0.5082238,-0.646463669,-0.615558942,-0.096452404,-0.485025951,-0.056872439,0.02129
31/03/2009,-0.373973493,-0.455440844,-0.637423748,-0.556836112,-0.048809972,-0.375635227,-0.018116832,0.01987
30/04/2009,-0.349269887,-0.469815485,-0.681985058,-0.511846542,-0.027252578,-0.342178935,0.007680593,0.02187
29/05/2009,-0.32349843,-0.416059936,-0.646585676,-0.43981565,0.057696128,-0.235650992,0.078490123,0.02265
30/06/2009,-0.263308209,-0.47417185,-0.664838193,-0.431320648,-0.046526565,-0.416587594,-0.020154557,0.02373
31/07/2009,-0.194007265,-0.383357256,-0.614555311,-0.315850078,-0.008201048,-0.341529716,0.023635765,0.02379
31/08/2009,-0.173556401,-0.337933043,-0.597454266,-0.212378866,0.1229022,-0.317662441,0.128155707,0.02266
30/09/2009,-0.045195799,-0.23896383,-0.536497113,-0.109880039,0.152591035,-0.206342752,0.132353777,0.0244
30/10/2009,0.116059844,-0.00083351,-0.278382488,0.254366969,0.452112023,-0.009946052,0.431508216,0.02711
30/11/2009,0.224973119,0.111934444,-0.115928235,0.509640092,0.459934838,0.113810367,0.428466579,0.02719
31/12/2009,0.257348856,0.187158245,0.110398149,0.82132049,0.24866381,0.036427245,0.226637946,0.02917
29/01/2010,0.304380766,0.163347468,0.153479991,0.751146009,0.166634191,-0.009787674,0.155755833,0.02904
26/02/2010,0.460590786,0.262707099,0.331928792,0.821507847,0.181945553,0.07968679,0.175335381,0.02898
31/03/2010,0.462825233,0.203762541,0.320032462,0.796512809,0.207966927,-0.094602198,0.194307421,0.03015
30/04/2010,0.329159933,0.218253035,0.397319671,0.602342124,0.330805971,-0.085968253,0.313234045,0.03089
31/05/2010,0.163063506,0.003443462,-0.063455325,0.354366312,0.222423353,-0.23554106,0.229332622,0.03014
30/06/2010,0.115351939,0.026204523,-0.088986019,0.202277072,0.335193731,-0.107709221,0.332506658,0.02905
30/07/2010,0.097918306,0.06145622,-0.049151561,0.161643339,0.233254752,0.051342334,0.228383976,0.02658
31/08/2010,0.022905271,0.040522085,-0.096695599,0.0690267,0.299002184,0.074215186,0.300410151,0.02526
30/09/2010,0.06137808,0.098764678,-0.02153108,0.205227216,0.287949091,0.194231875,0.286785674,0.02691
29/10/2010,0.116687966,0.116837969,-0.083253839,0.187799438,0.31610003,0.323038718,0.294076445,0.02844
30/11/2010,0.079625672,0.0749963,-0.05274807,0.113095114,0.200041338,0.159925462,0.162280184,0.02855
31/12/2010,0.100058693,0.166722108,0.017668414,0.165656449,0.342783105,0.340100145,0.285496018,0.03097
31/01/2011,0.163472793,0.270818578,0.145218304,0.304873879,0.273326955,0.529579759,0.22049326,0.03194
28/02/2011,0.174629997,0.241436639,0.12146171,0.265225102,0.331266766,0.55054908,0.24899924,0.03239
31/03/2011,0.088649863,0.283055004,0.158192121,0.130477205,0.377811695,0.697608979,0.280714923,0.03239
29/04/2011,0.110550795,0.302273805,0.194580767,0.165688005,0.452325104,0.628175498,0.306717253,0.03131
31/05/2011,0.186282793,0.328479148,0.300241913,0.266394175,0.342273728,0.706595138,0.25459605,0.03092
30/06/2011,0.218249278,0.257562997,0.2209303,0.338886181,0.266128633,0.49785739,0.196409532,0.03084
29/07/2011,0.120737672,0.212788859,0.200185341,0.248968867,0.461165108,0.315189222,0.369299106,0.03047
31/08/2011,0.081287458,0.257000998,0.257365396,0.182005072,0.531175847,0.406821569,0.455947783,0.02723
30/09/2011,-0.050271785,-0.000657905,0.031468572,-0.141834838,0.246371318,0.045522597,0.231109141,0.02712
31/10/2011,0.00235561,0.01500184,0.153506064,-0.081644687,0.278416055,-0.045700389,0.26290686,0.02604
30/11/2011,-0.00723242,-0.003886733,0.16290124,-0.090835381,0.240763334,-0.061782397,0.25519361,0.02641
30/12/2011,-0.054859906,-0.133704737,0.047941944,-0.22379627,0.065665687,-0.15923738,0.095694966,0.02611
31/01/2012,-0.032719373,-0.120998854,0.033953389,-0.161613437,0.278216446,-0.20568172,0.295871271,0.02627
29/02/2012,-0.015742366,-0.10898397,0.067341092,-0.172133638,0.175549979,-0.199178194,0.206061337,0.02715
30/03/2012,0.014539097,-0.163105346,-0.02513154,-0.185629803,0.099543483,-0.175874264,0.153143396,0.02816
30/04/2012,-0.023162277,-0.194556983,-0.086965457,-0.186045473,-0.026184828,-0.180139079,0.061914037,0.02713
31/05/2012,-0.077504819,-0.229148153,-0.154913137,-0.243236589,-0.039771341,-0.244907544,0.010246203,0.02449
29/06/2012,-0.022498616,-0.143634327,-0.122292376,-0.239212244,0.015034497,-0.030169347,0.059519244,0.02529
31/07/2012,0.018423495,-0.114520442,-0.088514272,-0.279649693,-0.068819629,0.099333326,-0.019198462,0.02335
31/08/2012,0.114206001,-0.111931508,0.041936771,-0.226854,-0.113770805,-0.003138899,-0.087068287,0.02496
28/09/2012,0.211598519,0.059232562,0.139168194,0.066423494,0.091038019,0.189042945,0.083482318,0.02436
31/10/2012,0.111032258,-0.045065525,-0.029112175,-0.10190871,-0.020520062,0.109364413,-0.012616643,0.02558
30/11/2012,0.142007655,-0.022966675,-0.04521173,-0.018108997,-0.025532327,0.171270305,-0.030344889,0.02631
31/12/2012,0.157062412,-0.011440842,-0.014517691,0.012825573,0.061168417,0.063657045,0.059883418,0.02666
31/01/2013,0.168665988,-0.012212456,0.024892039,-0.057520271,-0.055361308,0.096314424,-0.053264668,0.03159
28/02/2013,0.132343341,-0.077481462,-0.09107793,-0.11622302,-0.101216473,0.021197262,-0.085770433,0.03181
29/03/2013,0.142500878,-0.031189813,-0.052824559,-0.115029372,-0.06581897,0.002782104,-0.053505768,0.03335
30/04/2013,0.192621553,-0.054214791,-0.105088212,-0.161922345,-0.137852796,0.017172531,-0.122779142,0.03106
31/05/2013,0.297537278,0.017530918,0.036259295,-0.047872817,-0.128971546,0.114436037,-0.116456678,0.03096
28/06/2013,0.214148841,-0.080895694,0.080599887,-0.121021503,-0.251225587,-0.082352544,-0.243194353,0.02897
31/07/2013,0.254712792,-0.124936013,0.09552649,-0.094789378,-0.207299898,-0.238212739,-0.192188404,0.02984
30/08/2013,0.204709728,-0.106712777,0.040816787,-0.083108524,-0.189858513,-0.229348832,-0.178218347,0.03054
30/09/2013,0.223379846,-0.144073543,0.017717806,-0.155479277,-0.274805106,-0.210568391,-0.256895153,0.03038
31/10/2013,0.277693762,-0.122693735,0.04717901,-0.077063068,-0.248750818,-0.208039228,-0.235115586,0.031
29/11/2013,0.286526923,-0.130134703,0.024878182,-0.171341501,-0.293474029,-0.199390772,-0.274424397,0.03062
31/12/2013,0.288739866,-0.095772869,0.050797702,-0.129209029,-0.297940011,-0.180511238,-0.286974915,0.03122
31/01/2014,0.18337673,-0.114294262,-0.023654177,-0.186729762,-0.277962799,-0.21559556,-0.258018956,0.03007
28/02/2014,0.215301322,-0.018952658,0.056643284,-0.131382595,-0.179974443,-0.100590509,-0.167013935,0.0299
31/03/2014,0.185833771,-0.021478627,0.023796181,-0.112664098,-0.214099804,-0.011348345,-0.198875339,0.03004
30/04/2014,0.162090213,0.031166281,0.091005029,-0.04846522,-0.135274798,0.014365228,-0.123426796,0.02997
30/05/2014,0.171393643,0.024518964,0.128574479,-0.049065222,-0.116283302,-0.061868548,-0.108659416,0.02925
30/06/2014,0.217010064,0.081632538,0.137029026,0.053109311,0.075686412,-0.0841501,0.076551777,0.02904
31/07/2014,0.152909979,0.013928665,0.000366888,0.069268433,-0.019442963,-0.140339412,-0.025760468,0.02874
29/08/2014,0.208277904,-0.02966779,-0.055800425,0.059087215,-0.09352701,-0.149801285,-0.080463463,0.02849
30/09/2014,0.153211803,-0.066226734,-0.073263266,-0.020216244,-0.106669303,-0.234225317,-0.089539946,0.02782
31/10/2014,0.121927064,-0.059823634,-0.149081478,-0.007209756,-0.13735306,-0.145423861,-0.117403629,0.02716
28/11/2014,0.129803089,-0.090759722,-0.281476827,0.007059155,-0.083914541,-0.133960971,-0.062456603,0.02677
31/12/2014,0.098092866,-0.170359797,-0.440776838,-0.074734091,-0.041417081,-0.107634784,-0.017815211,0.02577
30/01/2015,0.12867845,-0.200437518,-0.478881309,-0.086862269,0.011699227,-0.163477539,0.02873149,0.02276
27/02/2015,0.146894016,-0.227950347,-0.442691589,-0.093487266,-0.103167359,-0.219052062,-0.084807604,0.02498
31/03/2015,0.139831391,-0.270587868,-0.4927367,-0.072142484,-0.092475055,-0.30460975,-0.081729728,0.02552
30/04/2015,0.143367485,-0.247098618,-0.406793179,-0.015933613,-0.100105142,-0.333717258,-0.090918429,0.02693
29/05/2015,0.132392727,-0.245724503,-0.424152294,-0.116064611,-0.057360881,-0.300481707,-0.049188727,0.02627
30/06/2015,0.084109154,-0.237230626,-0.454645251,-0.180381484,-0.136570793,-0.130870946,-0.11740807,0.02717
31/07/2015,0.119919782,-0.282467246,-0.521869566,-0.256989436,-0.16789748,-0.166062102,-0.150746529,0.02633
31/08/2015,0.018500246,-0.281586734,-0.504900314,-0.276848152,-0.141388336,-0.188899523,-0.124879597,0.02508
30/09/2015,-0.00777884,-0.260091228,-0.524468209,-0.240275213,-0.093014386,-0.062545419,-0.084334308,0.02416
30/10/2015,0.058308846,-0.257418897,-0.474812424,-0.272918491,-0.032660258,-0.126024277,-0.030824457,0.02443
30/11/2015,0.035187915,-0.282145928,-0.445778806,-0.301794868,-0.099452398,-0.163729704,-0.098441176,0.02487
31/12/2015,0.020787554,-0.247005372,-0.415715446,-0.245706708,-0.111307242,-0.169232834,-0.109273651,0.02358
29/01/2016,-0.029174716,-0.234208603,-0.419388575,-0.214058869,-0.137195911,-0.110854359,-0.131432453,0.02405
29/02/2016,-0.097269077,-0.265778791,-0.500388272,-0.19214949,-0.001049622,-0.157204081,0.0127001,0.02137
31/03/2016,-0.04562429,-0.196649104,-0.398816812,-0.190569321,0.02568023,-0.089457958,0.039262497,0.02322
29/04/2016,-0.047347752,-0.175682983,-0.410676889,-0.196286845,0.086652703,-0.013556672,0.086172769,0.02336
31/05/2016,-0.042704939,-0.154618536,-0.374213444,-0.189293036,0.009223005,0.034727563,0.017283611,0.02344
30/06/2016,-0.026670586,-0.134842807,-0.367240865,-0.098442624,0.126956535,-0.104483362,0.120380163,0.02374
29/07/2016,-0.0112306,-0.081734357,-0.338653559,-0.012687749,0.242990962,-0.044105765,0.227964157,0.02326
31/08/2016,0.063706432,-0.089737696,-0.309257971,-0.026334246,0.159394264,-0.066451133,0.147089922,0.02605
30/09/2016,0.105000443,-0.028232299,-0.186111638,0.036903729,0.184278255,-0.049543267,0.169949294,0.02686
31/10/2016,0.017488429,-0.028912636,-0.212600915,0.078463973,0.107356726,-0.040794341,0.104908964,0.03096
30/11/2016,0.037642042,0.060724166,-0.080437221,0.279425721,0.095820449,-0.044229691,0.08938577,0.02977
30/12/2016,0.089963352,0.113998686,0.176685081,0.171758582,0.080653945,-0.045494481,0.073924856,0.03019
31/01/2017,0.167192398,0.134270182,0.235401906,0.290303013,0.084912195,-0.003128098,0.070352918,0.03412
28/02/2017,0.222076321,0.155274187,0.290342808,0.269154224,0.023055006,0.028182265,0.001999432,0.03099
31/03/2017,0.172137607,0.082758236,0.132627382,0.254971912,0.013434631,-0.057427081,-0.002987878,0.03168
28/04/2017,0.175550061,-0.017629691,-0.052222464,0.134559697,-0.034807836,-0.130629472,-0.032355471,0.03123
31/05/2017,0.172325418,-0.029401804,-0.117687012,0.206752208,0.033918509,-0.156290966,0.030445612,0.03043
30/06/2017,0.18822611,-0.070243566,-0.146313508,0.177442083,-0.080972943,-0.12835034,-0.074657337,0.03055
31/07/2017,0.157548833,0.001312278,0.067299203,0.193816898,-0.091974944,-0.076534419,-0.077546405,0.02992
31/08/2017,0.154405755,0.022758712,0.002024834,0.339533319,-0.017243501,-0.094048123,-0.008527159,0.03045
29/09/2017,0.178895717,-0.01033606,-0.000970574,0.239835934,-0.054115144,-0.136221849,-0.040742191,0.03105
31/10/2017,0.217006101,0.015159992,0.084822549,0.278654928,-0.02622249,-0.171756192,-0.018637317,0.03086
30/11/2017,0.204428851,-0.003467381,0.078980613,0.120612147,0.058168732,-0.13142558,0.068835149,0.03071
29/12/2017,0.184824097,0.007461629,0.053869014,0.278742583,0.109279902,-0.127458243,0.117259508,0.03059
31/01/2018,0.213814772,0.025206582,0.16017679,0.17978793,0.073182474,-0.144784479,0.088411615,0.03133
28/02/2018,0.1357834,0.004582921,0.097128963,0.125669694,0.012123886,-0.103419948,0.031790553,0.03079
30/03/2018,0.098961336,0.02486327,0.222621083,0.084276053,0.019576538,-0.081665464,0.039690509,0.03068
30/04/2018,0.107525738,0.066420831,0.349512254,0.165516824,0.009230764,-0.040587099,0.019411614,0.03045
31/05/2018,0.105224564,0.095216421,0.404579538,0.202074157,-0.008018756,-0.012715054,0.000675831,0.03048
29/06/2018,0.108613639,0.058204613,0.545338065,0.109810641,-0.016320884,-0.141472062,-0.012190316,0.03044
31/07/2018,0.12734802,0.011887453,0.35916636,0.017658077,-0.059634103,-0.101139391,-0.055271119,0.03051
31/08/2018,0.140753563,-0.010873353,0.41082305,-0.090934084,-0.118840983,-0.083444391,-0.109980477,0.03047
28/09/2018,0.122995534,0.008774578,0.409589297,-0.052999502,-0.09706028,-0.118366637,-0.092042167,0.03194
31/10/2018,0.020642268,-0.034783184,0.229424636,-0.138052191,-0.077792703,-0.083606306,-0.067391533,0.03138
30/11/2018,0.0163887,-0.036668366,-0.024291208,-0.093039044,-0.07487755,-0.082952941,-0.064979173,0.03231
31/12/2018,-0.073752849,-0.129889279,-0.187496448,-0.196261949,-0.054689682,-0.098516068,-0.047138507,0.03172
31/01/2019,-0.042729515,-0.10105668,-0.120454537,-0.155261826,-0.046162621,-0.093137243,-0.040688172,0.0314
28/02/2019,0.025428973,-0.0765876,-0.001389689,-0.103896391,-0.033642518,-0.177528258,-0.029058196,0.03042
29/03/2019,0.066596235,-0.073002038,-0.035279902,-0.06195812,-0.054253346,-0.167752518,-0.049412097,0.03203
30/04/2019,0.085685778,-0.100668579,-0.036600215,-0.132690874,-0.059148716,-0.218757655,-0.053002668,0.03335
31/05/2019,0.010981888,-0.143432408,-0.178810423,-0.197536109,-0.035438544,-0.153645164,-0.023405648,0.0336
28/06/2019,0.067075357,-0.088737494,-0.168801778,-0.141794865,0.0768812,-0.055815746,0.095154334,0.0328
31/07/2019,0.046783697,-0.07531615,-0.121130892,-0.090460934,0.121455983,-0.141418793,0.132808305,0.03403
30/08/2019,0.012812042,-0.080390752,-0.207861721,-0.077256875,0.230501705,-0.152652964,0.23183911,0.0337
30/09/2019,0.029010292,-0.087103438,-0.245563232,-0.084931675,0.188869663,-0.074831975,0.196742918,0.03415
31/10/2019,0.124875071,-0.047524772,-0.168114408,-0.020970826,0.212786367,-0.081931842,0.211740783,0.03092
29/11/2019,0.147125709,-0.066010826,0.023982948,-0.065280743,0.16728433,-0.088362248,0.16773138,0.03087
31/12/2019,0.273353189,0.054378912,0.269768076,0.004446503,0.151608976,-0.024207268,0.155571885,0.03112
31/01/2020,0.18438799,-0.072936332,-0.050342494,-0.113137527,0.157964401,-0.069501892,0.166030474,0.03054
28/02/2020,0.05334045,-0.127908205,-0.223467401,-0.149401784,0.145182299,-0.048944423,0.15841743,0.03004
31/03/2020,-0.096455905,-0.237145937,-0.60341956,-0.235270723,0.172866538,-0.071851826,0.200311102,0.0285
30/04/2020,-0.037720607,-0.244192281,-0.699366139,-0.198150808,0.25635489,-0.083268026,0.286365553,0.02739
29/05/2020,0.068595881,-0.182345121,-0.529331189,-0.124958559,0.294875211,-0.164732618,0.301632221,0.02921
30/06/2020,0.032944903,-0.184259224,-0.518347418,-0.078497063,0.234324383,-0.160290847,0.240796645,0.02905
31/07/2020,0.055480854,-0.130268442,-0.507691466,-0.020743732,0.343344711,-0.097134615,0.335844748,0.02988
31/08/2020,0.143949736,-0.047911548,-0.443319288,0.047206654,0.274633242,0.02287339,0.251221587,0.0314
30/09/2020,0.085494464,-0.08907337,-0.491411618,0.019225127,0.252149328,0.012794509,0.244653077,0.03061
30/10/2020,0.032955328,-0.093303987,-0.540647464,0.031418311,0.205502225,0.037829143,0.200266174,0.0312
30/11/2020,0.121296345,-0.035657781,-0.450172117,0.178558125,0.18015085,0.081918819,0.170930183,0.03108
31/12/2020,0.13479939,-0.035021654,-0.464890237,0.143873676,0.224794062,0.144958383,0.204787098,0.03
29/01/2021,0.128875898,0.070295066,-0.325875002,0.237359631,0.158232944,0.250963069,0.130407011,0.03105
26/02/2021,0.260842631,0.201435899,-0.097174971,0.391284111,0.110796628,0.318027416,0.070469866,0.03384
31/03/2021,0.507434717,0.348975148,0.674437303,0.517371616,0.088173746,0.343348707,0.042662052,0.03558
30/04/2021,0.419223182,0.483801682,1.228897723,0.648507059,0.060139532,0.633040849,0.012437594,0.03502
31/05/2021,0.369215495,0.461001994,0.713473939,0.660401648,0.095993699,0.584425435,0.061230019,0.03574
30/06/2021,0.36893393,0.455012759,0.724620667,0.492792989,-0.005493283,0.577785327,-0.039984537,0.03469
30/07/2021,0.34672363,0.401864097,0.72265248,0.447824664,-0.082074794,0.523828002,-0.094749773,0.03552
31/08/2021,0.301160092,0.309225943,0.567300617,0.379344186,-0.099796178,0.449231652,-0.090960486,0.03625
,,,,,,,,
,,,,,,,,
,,,,,,,,
,,,,,,,,
,,,,,,,,
